"n_killed","longitude","latitude","date","n_injured","source_url"
1,-75.1697,39.9959,2017-03-01,0,"http://philadelphia.cbslocal.com/2017/03/01/police-2-people-killed-in-separate-shootings/"
1,-75.1232,40.0246,2017-03-01,0,"http://philadelphia.cbslocal.com/2017/03/01/police-2-people-killed-in-separate-shootings/"
1,-79.388,41.4084,2017-03-01,0,"http://gantdaily.com/2017/06/21/breaking-exploreclarion-clarion-man-charged-with-homicide-in-fatal-shooting/"
1,-75.9336,40.3354,2017-03-01,1,"http://www.readingeagle.com/news/article/man-killed-in-reading-shooting"
2,-75.2591,40.7058,2017-03-03,0,"http://www.poconorecord.com/news/20170304/suspect-in-palmer-womans-death-killed?rssfeed=true"
1,-75.2463,39.8988,2017-03-05,1,"http://6abc.com/news/teen-brothers-shot-in-sw-philly-identified/1785974/"
1,-75.1475,40.0528,2017-03-05,0,"http://www.philly.com/philly/news/Man-killed-teen-injured-in-double-shooting.html"
2,-79.8133,40.4157,2017-03-07,0,"http://pittsburgh.cbslocal.com/2017/03/07/police-investigating-turtle-creek-shooting/"
1,-75.163,40.0513,2017-03-07,0,"http://www.philly.com/philly/news/crime/Man-timothy-kenner-dies-after-Germantown-shooting-March-7-2017.html"
1,-75.1353,40.001,2017-03-08,0,"http://6abc.com/home/man-shot-in-head-killed-in-west-kensington-/1791799/"
1,-80.3578,40.9937,2017-03-08,0,"http://www.ncnewsonline.com/news/district-attorney-state-police-unit-investigating-fatal-shooting/article_d0ff07e4-04f1-11e7-aad1-4b799e0e6ff4.html"
1,-75.161,40.0123,2017-03-10,0,"http://www.bradfordera.com/news/state/men-charged-in-slaying-of-boy-at-takeout-restaurant/article_3b007d77-5360-577e-b88d-e0c2018c3138.html"
1,-74.9792,40.0899,2017-03-10,0,"http://philadelphia.cbslocal.com/2017/03/11/police-investigate-death-of-off-duty-officer-in-northeast-philly/"
2,-79.9962,40.4144,2017-03-11,1,"http://www.post-gazette.com/local/city/2017/03/12/Authorities-ID-men-killed-in-Knoxville-Pittsburgh-murder-suicide/stories/201703120197"
1,-75.2212,39.9235,2017-03-12,0,"http://philadelphia.cbslocal.com/2017/03/12/police-man-shot-in-head-pronounced-dead-on-scene-in-southwest-philadelphia/"
2,-75.2652,41.0094,2017-03-12,0,"http://wnep.com/2017/03/13/two-dead-after-shooting-in-the-poconos/"
1,-80.0137,40.4194,2017-03-12,0,"http://www.wtae.com/article/warrant-issued-in-connection-with-shooting-in-mt-washington-that-left-3-year-old-girl-dead/9147061"
1,-80.2701,40.6045,2017-03-12,0,"http://www.wpxi.com/news/top-stories/arrest-made-in-death-of-woman-found-shot-on-aliquippa-street/503042242"
1,-75.1115,40.0191,2017-03-14,0,"http://www.philly.com/philly/news/breaking/Man-27-fatally-shot-in-Kensington.html"
1,-78.9124,40.3101,2017-03-14,1,"http://www.observer-reporter.com/20170314/1_dead_1_injured_in_shooting_outside_tavern_in_johnstown"
1,-75.2557,39.9768,2017-03-16,0,"http://6abc.com/mother-seeks-help-in-finding-sons-killer-one-year-later/3228261/"
1,-79.9088,40.8674,2017-03-16,0,"http://pittsburgh.cbslocal.com/2017/03/16/at-least-one-person-shot-in-butler-home/"
1,-75.1846,40.0706,2017-03-18,0,"http://www.philly.com/philly/news/Man-shot-multiple-times-dies.html"
1,-79.8832,40.4564,2017-03-18,0,"http://pittsburgh.cbslocal.com/2017/03/18/homewood-shooting-2/"
1,-75.1474,39.9892,2017-03-19,0,"http://6abc.com/news/man-shot-to-death-outside-north-philadelphia-bar/1807828/"
1,-79.8888,40.4537,2017-03-19,0,"http://triblive.com/local/allegheny/12092824-74/man-fatally-shot-in-homewood?utm_source=feedburner&utm_medium=feed&utm_campaign=Feed%3A+alltribstories+%28TribLIVE+News%29"
1,-75.158,40.0216,2017-03-19,0,"http://6abc.com/news/man-shot-killed-in-philadelphias-logan-section-/1808478/"
1,-77.1064,39.9494,2017-03-19,0,"http://www.pennlive.com/news/2017/04/woman_admitted_to_intentionall.html"
2,-75.9592,40.4987,2017-03-20,0,"http://www.mcall.com/news/breaking/mc-berks-county-murder-suicide-shoemakersville-20170320-story.html"
1,-75.1462,40.029,2017-03-20,0,"http://philadelphia.cbslocal.com/2017/05/12/west-ruscomb-street-shooting-death/"
1,-75.1362,40.0025,2017-03-21,0,"http://6abc.com/news/man-shot-and-killed-in-olney/1810510/"
1,-76.2121,39.927,2017-03-22,0,"http://abc27.com/2017/04/06/2nd-suspect-charged-in-providence-township-homicide/"
1,-75.1504,39.9929,2017-03-23,0,"http://www.philly.com/philly/news/Broad-daylight-shooting-Kensington-Philadelphia-leaves-man-25-dead.html"
1,-75.4602,40.6055,2017-03-25,3,"http://www.lehighvalleylive.com/allentown/index.ssf/2017/03/fight_led_to_fatal_shopping_ce.html"
1,-79.18,40.6081,2017-03-25,1,"http://timesleader.com/news/646003/officials-1-dead-1-critical-in-shootings-near-indiana-university-of-pa"
1,-75.0674,40.0174,2017-03-25,0,"http://www.philly.com/philly/blogs/real-time/Male-shot-to-death-Sanger-Street-Northeast-Philadelphia-March-25-2017.html"
1,-75.2406,39.9536,2017-03-27,0,"http://philadelphia.cbslocal.com/2017/03/27/police-teen-fatally-shot-in-cobbs-creek/?e=gaySx4SEAQLvSA"
1,-79.8157,40.4813,2017-03-28,0,"http://triblive.com/local/pennhills/12141787-74/a-suspect-in-the-shooting-death-of-a-penn-hills-teenager-who?utm_source=feedburner&utm_medium=feed&utm_campaign=Feed%3A+yourcranberry+%28Your+Cranberry+News%29"
2,-76.6016,40.1858,2017-03-28,0,"http://lancasteronline.com/news/local/man-fatally-shoots-wife-before-killing-himself-in-mount-joy/article_5129f7f2-1637-11e7-842d-3f0de9577e6c.html"
1,-75.2323,39.9434,2017-03-29,0,"http://www.fox29.com/news/245695218-story"
1,-79.8769,40.411,2017-03-30,0,"http://www.post-gazette.com/local/east/2017/03/31/Rankin-fatal-shooting-pittsburgh/stories/201703310252?pgpageversion=pgevoke"
1,-75.1665,40.0003,2017-04-01,1,"http://www.philly.com/philly/blogs/real-time/Man-shot-dead-North-Philly-April-1-2017.html"
1,-75.1329,40.0007,2017-04-01,0,"http://6abc.com/news/gunman-sought-in-kensington-fatal-shooting/1829339/"
1,-80.2569,40.621,2017-04-01,0,"http://pittsburgh.cbslocal.com/2017/04/02/aliquippa-fatal-shooting-16-year-old/"
1,-75.1799,39.9727,2017-04-02,0,"http://philadelphia.cbslocal.com/2017/04/02/man-dog-killed-in-north-philadelphia-shooting/"
1,-75.0974,40.0268,2017-04-02,0,"http://www.philly.com/philly/blogs/real-time/Philadelphia-Roosevelt-Blvd-shooting-fatal.html"
1,-75.1694,39.9948,2017-04-03,0,"http://philadelphia.cbslocal.com/2017/04/03/north-philadelphia-fatal-shooting/"
1,-78.4071,41.6717,2017-04-03,0,"http://www.bradfordera.com/news/police-investigate-unrelated-alleged-suicides-monday-evening/article_c121d776-18f0-11e7-9f3c-bbe68f3b88d7.html"
1,-78.7856,41.6645,2017-04-03,0,"http://www.bradfordera.com/news/police-investigate-unrelated-alleged-suicides-monday-evening/article_c121d776-18f0-11e7-9f3c-bbe68f3b88d7.html"
3,-75.154,39.9717,2017-04-03,1,"http://6abc.com/news/$70k-reward-in-deadly-shooting-near-n-philadelphia-school/1832806/"
1,-76.7383,39.9576,2017-04-03,0,"http://www.ydr.com/story/news/crime/2017/12/27/teenager-accused-fatally-shooting-man-york-tried-adult-criminal/984437001/"
1,-75.0716,40.0158,2017-04-04,0,"http://www.philly.com/philly/blogs/real-time/Harold-Aiken-fatal-shooting-Frankford-April-2017.html"
1,-79.9229,40.458,2017-04-05,0,"http://www.post-gazette.com/local/east/2017/04/06/Shadyside-shooting-Pittsburgh-Swope-Street-East-Liberty/stories/201704060235"
1,-75.5792,40.5118,2017-04-08,0,"http://www.lehighvalleylive.com/lehigh-county/index.ssf/2017/07/16-year-old_adjudicated.html"
1,-75.1778,39.9937,2017-04-09,1,"http://6abc.com/news/1-dead-1-injured-in-strawberry-mansion-shooting/1854199/"
1,-76.0259,40.2207,2017-04-09,0,"http://lancasteronline.com/news/local/man-to-stand-trial-in-fatal-shooting-of-his-friend/article_5f65887a-26e2-11e7-850b-fb67bc10a966.html"
1,-75.103,39.9999,2017-04-10,0,"http://6abc.com/news/victim-shot-and-killed-in-port-richmond-home-idd/1859628/"
1,-75.2058,39.967,2017-04-11,0,"http://6abc.com/news/man-34-shot-and-killed-in-west-philadelphia/1859345/"
1,-75.4768,40.605,2017-04-12,0,"http://www.mcall.com/news/breaking/mc-allentown-man-charged-with-nagle-st-homicide-20170428-story.html"
1,-79.62,40.3286,2017-04-13,0,"http://triblive.com/local/westmoreland/13113936-74/westmoreland-county-records-just-5-homicides-in-2017?utm_source=feedburner&utm_medium=feed&utm_campaign=Feed%3A+tribliveBreakingNews+%28Breaking+News%29"
1,-75.176,39.9944,2017-04-14,0,"http://www.philly.com/philly/news/Philly-homicide-victims-identified-Friday-to-Monday-Easter-2017.html"
1,-76.7279,39.9541,2017-04-14,0,"http://fox43.com/2017/04/17/york-city-homicide-victim-died-from-multiple-gunshot-wounds/"
1,-75.2324,39.9367,2017-04-15,0,"http://www.philly.com/philly/news/Philly-homicide-victims-identified-Friday-to-Monday-Easter-2017.html"
1,-75.1173,39.9976,2017-04-16,0,"http://www.philly.com/philly/news/Philly-homicide-victims-identified-Friday-to-Monday-Easter-2017.html"
1,-75.2309,39.928,2017-04-17,0,"http://www.philly.com/philly/news/Philly-homicide-victims-identified-Friday-to-Monday-Easter-2017.html"
1,-75.1107,39.9904,2017-04-17,0,"http://www.philly.com/philly/news/Philly-homicide-victims-identified-Friday-to-Monday-Easter-2017.html"
1,-75.3419,40.119,2017-04-17,0,"http://6abc.com/news/norristown-police-search-for-shooting-suspect/1888353/"
1,-75.1374,39.9976,2017-04-19,0,"http://6abc.com/news/man-shot-and-killed-in-fairhill/1893485/"
2,-79.8357,40.3377,2017-04-20,0,"http://triblive.com/local/allegheny/12213900-74/two-dead-in-overnight-mckeesport-shooting?utm_source=feedburner&utm_medium=feed&utm_campaign=Feed%3A+TopTribliveStories+%28Top+Stories%29"
1,-74.9969,40.0505,2017-04-23,0,"http://6abc.com/news/victim-found-shot-to-death-in-tacony/1908491/"
3,-76.7654,39.9892,2017-04-23,0,"http://abc27.com/2017/04/24/girl-3-father-grandmother-dead-in-murder-suicide/"
1,-75.1661,40.0443,2017-04-23,0,"http://philadelphia.cbslocal.com/2017/04/23/police-man-shot-killed-in-east-germantown/"
1,-76.5842,39.755,2017-04-24,0,"http://fox43.com/2017/08/01/da-troopers-justified-in-shooting-north-hopewell-twp-man-who-fired-on-them/"
1,-75.1645,40.0366,2017-04-24,0,"http://6abc.com/news/argument-leads-to-deadly-shooting-in-germantown/1910096/"
1,-75.214,39.9691,2017-04-24,0,"http://www.philly.com/philly/news/crime/Man-25-fatally-shot-in-West-Philly.html"
2,-78.8728,40.294,2017-04-25,0,"http://www.tribdem.com/news/update-richland-township-police-investigating-murder-suicide-at-aspen-woods/article_cbf128aa-29a3-11e7-94b6-2b97356ea51b.html"
1,-76.8938,40.2764,2017-04-25,0,"http://www.pennlive.com/news/2017/04/second_suspect_arrested_in_lat.html"
1,-79.8536,40.3464,2017-04-25,0,"http://www.post-gazette.com/local/east/2017/04/26/McKeesport-Will-Chaffin-shot-teen-cousin-suspect-accidental/stories/201704260152"
1,-74.7959,40.2052,2017-04-26,1,"http://www.nj.com/mercer/index.ssf/2017/04/pa_shooting_victims_from_mercer_county_police_say.html"
1,-77.5649,40.6112,2017-04-26,0,"http://www.lewistownsentinel.com/news/local-news/2017/04/one-dead-following-officer-involved-shooting/"
1,-75.1523,39.9949,2017-04-27,0,"http://philadelphia.cbslocal.com/2017/04/27/police-investigate-2-shootings-in-north-philly/"
1,-76.5815,40.0748,2017-04-29,0,"http://lancasteronline.com/news/local/maytown-man-charged-with-shooting-killing--year-old-father/article_c5c37d0c-2d3b-11e7-9472-0b3981b51f4a.html"
1,-80.1058,42.1242,2017-04-30,0,"http://www.yourerie.com/news/local-news/murder-suspect-heading-to-trial/811258769"
1,-75.1467,39.9976,2017-04-30,1,"http://www.philly.com/philly/news/Randall-Ellis-shot-dead-North-Philly-Sunday-April-30-2017.html"
1,-78.9148,40.3259,2017-05-01,0,"http://local21news.com/news/local/police-seek-help-in-finding-owner-of-handgun-found-on-johnstown-teen"
1,-75.1296,39.9969,2017-05-01,0,"http://www.philly.com/philly/news/crime/Man-34-fatally-shot-in-Fairhill.html"
1,-80.0595,40.454,2017-05-03,0,"http://pittsburgh.cbslocal.com/2017/05/04/sheraden-shooting-1-dead/"
1,-76.8392,40.2693,2017-05-07,0,"http://www.pennlive.com/news/2017/05/man_died_of_self-inflicted_gun.html"
1,-75.1654,39.9751,2017-05-08,1,"http://www.philly.com/philly/news/crime/Man-24-dead-after-North-Philly-double-shooting.html"
1,-75.2374,39.9234,2017-05-10,0,"http://www.philly.com/philly/blogs/real-time/Crime-man-shot-dead-SW-Philly-May-10-2017.html"
2,-80.34,41.9442,2017-05-11,0,"http://www.yourerie.com/news/local-news/pennsylvania-state-police-investigating-murdersuicide/712115470"
2,-75.7993,41.5976,2017-05-12,0,"http://thetimes-tribune.com/news/nicholson-twp-deaths-ruled-murder-suicide-1.2193071"
1,-75.2178,39.9413,2017-05-12,0,"http://www.philly.com/philly/news/Philly-Police-identify-man-Ronald-Singletary-fatally-shot-by-officer-Robert-Schutte-in-Kingsessing.html"
2,-75.4867,40.6075,2017-05-13,0,"http://www.wfmz.com/news/lehigh-valley/authorities-investigating-murdersuicide-in-allentown/496437835"
1,-75.187,39.981,2017-05-15,0,"http://www.philly.com/philly/news/crime/Man-28-fatally-shot-in-Strawberry-Mansion.html"
2,-79.9921,40.5691,2017-05-15,0,"http://pittsburgh.cbslocal.com/2017/05/15/mccandless-murder-suicide/"
1,-75.9329,40.3452,2017-05-16,0,"http://www.bradfordera.com/news/state/reading-police-investigate-fatal-shooting-of-man-in-street/article_73400985-7afa-54d8-8dc2-b6d2daf4c48b.html"
1,-75.151,39.9824,2017-05-16,0,"http://6abc.com/news/deadly-shooting-in-hunting-park/1999643/"
2,-80.3478,40.3524,2017-05-17,0,"http://www.observer-reporter.com/20170517/two_identified_in_apparent_murder-suicide_in_eldersville"
1,-79.8906,40.4173,2017-05-18,0,"http://pittsburgh.cbslocal.com/2017/12/06/swissvale-park-shooting-arrest/"
1,-79.8711,40.4551,2017-05-18,0,"http://pittsburgh.cbslocal.com/2017/05/18/police-investigating-fatal-shooting-in-east-hills/"
1,-75.2636,39.924,2017-05-19,0,"http://6abc.com/news/woman-found-shot-to-death-in-darby-borough-home/2013080/"
1,-75.1384,40.0352,2017-05-19,0,"http://6abc.com/news/man-shot-and-killed-in-logan/2014454/"
1,-78.5575,40.5355,2017-05-19,0,"http://www.altoonamirror.com/news/local-news/2017/05/standoff-ends-following-suicide/"
1,-75.1993,40.8066,2017-05-20,0,"http://www.philly.com/philly/columnists/maria-panaritis/placeholder-maria-panaritis-20180120.html"
1,-79.985,40.4289,2017-05-21,0,"http://www.post-gazette.com/local/city/2017/06/29/Man-charged-homicide-Rowdy-Buck-bar-shooting-Pittsburgh-South-Side-Holyfield/stories/201706290230"
1,-76.8433,40.2395,2017-05-21,0,"http://abc27.com/2017/06/28/steelton-woman-to-face-trial-in-boyfriends-shooting-death/"
1,-75.5223,40.6842,2017-05-21,1,"http://6abc.com/news/suspect-killed-fleeing-police-in-pharmacy-robbery-shooting-idd/2019858/"
1,-79.8981,40.4558,2017-05-22,0,"http://www.wpxi.com/news/top-stories/man-shot-killed-inside-of-car-parked-in-neighborhood/525392150"
1,-75.1243,40.0409,2017-05-23,0,"http://www.philly.com/philly/news/crime/quadir-findley-murder-benjamin-drains-shooting-death-20170912.html"
1,-75.169,40.0372,2017-05-23,2,"http://www.philly.com/philly/news/crime/4-slain-24-hours-philly-20170524.html"
1,-79.9377,40.4702,2017-05-23,0,"http://www.wtae.com/article/womans-body-found-over-90-foot-hillside-in-garfield/9918440"
1,-75.24,39.9473,2017-05-24,0,"http://6abc.com/news/unidentified-man-shot-and-killed-in-sw-philadelphia/2030307/"
1,-75.3654,39.8633,2017-05-26,0,"http://www.philly.com/philly/news/crime/chester-police-investigate-3-shootings-1-fatal-20170527.html"
1,-79.8347,40.3403,2017-05-27,0,"http://triblive.com/local/allegheny/12458282-74/reward-offered-for-information-in-mckeesport-homicide"
1,-75.2264,39.9805,2017-05-28,0,"http://6abc.com/news/police-investigate-fatal-wynnefield-shooting/2046935/"
1,-76.7116,39.9643,2017-05-28,0,"http://abc27.com/2017/08/15/suspect-arrested-for-may-homicide-in-york/"
3,-75.1148,39.9937,2017-05-28,0,"http://www.philly.com/philly/news/crime/raymond-finney-jr-schuylkill-death-20170615.html"
1,-75.1168,39.9913,2017-05-29,1,"http://6abc.com/news/philadelphia-police-id-boy-14-killed-in-shooting/2052804/"
1,-76.8241,40.2348,2017-05-30,0,"http://abc27.com/2017/06/05/teen-dies-from-shooting-swatara-township-woman-charged-with-homicide/"
2,-75.1521,39.9956,2017-05-31,1,"http://6abc.com/news/gunmen-on-bicycles-kill-2-wound-1-in-north-philly/2060280/"
1,-75.9264,41.2239,2017-05-31,0,"http://www.khq.com/story/35576146/kids-scuffle-at-kindergarten-party-ends-with-pennsylvania-dad-fatally-shot"
1,-75.1741,39.9808,2017-06-01,0,"http://6abc.com/news/man-dies-after-being-shot-10-times-in-strawberry-mansion/2061194/"
1,-80.0374,40.4718,2017-06-02,0,"http://www.post-gazette.com/local/city/2017/06/02/Man-shot-in-overturned-SUV-Marshall-Shadeland-fatal-pittsburgh/stories/201706020148"
1,-75.3739,39.85,2017-06-02,0,NA
1,-75.4039,39.8437,2017-06-03,0,"http://www.nbcphiladelphia.com/news/local/Chester-Township-Delaware-County-Shooting-Deadly-Toddler-Dies-Pennsylvania-426183971.html"
1,-75.2317,39.9737,2017-06-03,0,"http://www.philly.com/philly/news/crime/Two-killed-three-others-shot-in-Philly-overnight-June-4-2018.html"
1,-80.0266,40.455,2017-06-04,0,"http://pittsburgh.cbslocal.com/2017/06/04/manchester-pittsburgh-car-house-shooting/"
2,-75.1866,40.0627,2017-06-04,0,"http://www.fox29.com/news/258848416-story"
1,-75.2329,39.9609,2017-06-04,0,"http://6abc.com/news/victim-shot-near-west-philadelphia-pizza-shop-dies/2064775/"
1,-80.3113,40.1982,2017-06-04,0,"http://www.observer-reporter.com/20170604/swat_unit_police_respond_to_home_where_man_commits_suicide"
1,-79.9092,41.7499,2017-06-04,0,"http://www.erienewsnow.com/story/36107207/three-men-to-face-trial-for-june-fatal-shooting-at-crawford-county-party"
1,-75.1925,39.9652,2017-06-05,0,"http://6abc.com/news/man-shot-and-killed-in-mantua-section-of-philadelphia/2067778/"
1,-75.1453,40.0526,2017-06-05,0,"http://www.philly.com/philly/news/crime/5-slain-over-weekend-in-philly-20170605.html"
1,-76.0487,40.0027,2017-06-05,0,"http://lancasteronline.com/news/local/gap-man-who-pleaded-guilty-to-rape-in-chester-county/article_00640594-49ed-11e7-abf2-3706fe0a89b1.html"
1,-75.1635,39.9159,2017-06-05,0,"http://6abc.com/news/man-shot-killed-after-argument-in-n-philadelphia-idd/2067787/"
1,-75.9193,40.3512,2017-06-06,1,"http://www.wfmz.com/news/berks/man-charged-with-murder-in-shooting-outside-mcdonalds/545554062"
3,-76.2124,39.9852,2017-06-06,0,"http://lancasteronline.com/news/local/coroner-says-mother-shot-her-children-then-herself-in-murder/article_6e6fc040-4b79-11e7-af58-df90ec882853.html"
2,-75.5002,40.6368,2017-06-07,0,"http://www.mcall.com/news/breaking/mc-whitehall-murder-suicide-belleview-drive-20170608-story.html"
4,-75.9228,41.4346,2017-06-08,0,"http://wnep.com/2017/06/27/weis-market-set-to-reopen-after-shooting/"
1,-80.3774,41.0314,2017-06-08,0,"http://www.post-gazette.com/local/north/2017/06/13/Third-arrest-homicide-Butler-Bowser-Barto-Howard-George-Ramsey/stories/201706130155"
1,-75.1204,40.0116,2017-06-08,0,"http://6abc.com/officer-to-be-dismissed-after-deadly-hunting-park-shooting/2387084/"
1,-75.1745,39.9325,2017-06-09,1,"http://www.nbcphiladelphia.com/news/local/Car-Repossession-Tow-Truck-Driver-Shooting-427468203.html"
1,-80.1044,42.1287,2017-06-10,0,"http://www.goerie.com/news/20171125/lake-erie-homicide-defendants-father-wants-tampering-charge-tossed"
1,-75.1541,39.9955,2017-06-11,0,"http://www.philly.com/philly/news/police-man-66-fatally-shot-10-times-on-broad-st-in-north-philly-20170611.html"
1,-80.2571,40.207,2017-06-11,0,"http://www.observer-reporter.com/20170610/south_strabane_man_found_dead_at_chartiers_skeet_range"
1,-75.379,39.8407,2017-06-15,0,"http://www.philly.com/philly/news/man-28-shot-to-death-in-chester-20170615.html"
1,-75.1547,39.9241,2017-06-17,0,"http://6abc.com/news/man-dies-after-shooting-in-hunting-park/2111071/"
1,-78.9414,40.7045,2017-06-17,0,"http://wccsradio.com/hearing-for-murder-defendant-lantz-today/"
1,-75.1525,39.9531,2017-06-18,1,"http://6abc.com/news/former-6abc-intern-killed-in-center-city-shooting/2114183/"
1,-75.3767,40.9696,2017-06-18,0,"http://www.mcall.com/news/police/mc-pol-saylorsburg-man-charged-in-sons-shooting-death-20171010-story.html"
1,-79.8555,40.3523,2017-06-19,0,"http://www.wtae.com/article/two-people-shot-in-mckeesport/10315169"
1,-75.0766,40.0319,2017-06-19,0,"http://6abc.com/news/northwood-shooting-victim-identified-by-philly-police/2118557/"
1,-80.0615,42.1185,2017-06-19,2,"http://www.erienewsnow.com/story/35718650/coroner-identifies-teenager-killed-in-east-erie-shooting"
1,-75.9704,40.7965,2017-06-19,0,"http://wnep.com/2017/06/20/state-police-name-son-suspect-in-murder-of-schuylkill-county-attorney/"
1,-75.2292,39.9706,2017-06-19,0,"http://6abc.com/grandmother-says-grandson-killed-after-answering-a-text/3136170/"
1,-77.6693,39.9395,2017-06-20,0,"http://www.publicopiniononline.com/story/news/2017/06/20/shooting-reported-near-chambers-elementary/413125001/"
1,-75.0697,40.0133,2017-06-21,0,"http://www.fox29.com/news/local-news/263374100-story"
1,-79.301,41.9297,2017-06-21,1,"http://www.goerie.com/news/20170622/man-charged-with-homicide-in-warren-county-shooting"
1,-79.9036,40.468,2017-06-23,0,"http://triblive.com/news/adminpage/12438912-74/police-investigate-deadly-shooting-in-pittsburghs-lincoln-lemington?utm_source=feedburner&utm_medium=feed&utm_campaign=Feed%3A+alltribstories+%28TribLIVE+News%29"
1,-76.6549,39.8604,2017-06-24,0,"http://www.ydr.com/story/news/crime/2017/07/28/probe-into-nancy-folcomers-death-leads-gun-ammo-seizures-property-near-shooting/488503001/"
2,-75.4417,40.5364,2017-06-24,0,"http://www.lehighvalleylive.com/lehigh-county/index.ssf/2017/06/standoff_ends_in_apparent-murd.html"
1,-75.1065,40.0003,2017-06-24,0,"http://6abc.com/news/man-shot-and-killed-in-kensington/2141692/"
1,-76.426,40.3365,2017-06-24,0,"http://www.pennlive.com/news/2017/06/suicide_standoff_lebanon.html"
1,-79.876,40.446,2017-06-24,0,"http://www.wpxi.com/news/top-stories/police-investigating-fatal-wilkinsburg-shooting/540146143"
1,-75.1577,39.9203,2017-06-26,0,"http://www.philly.com/philly/news/crime/teen-shot-dead-south-philadelphia-crime-20170627.html"
1,-76.7418,39.9548,2017-06-27,0,"http://www.ydr.com/story/news/crime/2017/07/27/teen-arrested-killing-innocent-woman-leaving-york-corner-store/518010001/"
1,-75.3523,39.8585,2017-06-27,1,"http://www.delcotimes.com/general-news/20170921/cops-murder-victim-feared-for-his-familys-safety"
1,-75.145,39.9786,2017-06-28,0,"http://www.philly.com/philly/news/man-fatally-shot-in-north-philly-20170629.html"
1,-75.5896,39.9909,2017-06-28,0,"http://www.nbcphiladelphia.com/news/local/Police-Update-on-Road-Rage-Killing-of-18-Yr-Old-432100983.html"
1,-75.1288,40.0437,2017-06-29,0,"http://www.philly.com/philly/news/crime/marine-corps-vet-47-shot-dead-outside-olney-bar-20170629.html"
1,-80.048,42.128,2017-06-29,1,"http://www.erienewsnow.com/story/35827230/third-suspect-charged-with-murder-in-eries-latest-homicide"
2,-75.385,39.8351,2017-06-30,0,"http://www.philly.com/philly/news/2-dead-in-chester-shooting-20170630.html"
1,-79.9346,40.4677,2017-07-01,0,"http://www.wpxi.com/news/top-stories/garfield-shooting-victim-dies-after-being-placed-on-life-support/546608270"
1,-79.8199,40.4417,2017-07-02,0,"http://www.wpxi.com/news/top-stories/19-year-old-shot-to-death-on-remote-wilkins-township-road/547411543"
2,-76.8566,40.2497,2017-07-02,0,"http://www.pennlive.com/news/2017/07/man_victim_identified_in_harri.html"
1,-75.4696,40.6068,2017-07-04,1,"http://www.mcall.com/news/breaking/mc-pol-suspected-bloods-gang-member-charged-allentown-crip-killing-20171019-story.html"
1,-75.1869,40.0375,2017-07-04,0,"http://philadelphia.cbslocal.com/2017/07/05/west-germantown-shooting/#.WVzVnAx0LSU.twitter"
1,-75.3512,39.86,2017-07-04,2,"http://6abc.com/news/1-dead-2-critical-after-shooting-and-crash-in-delaware-co/2183952/"
1,-79.8952,40.8612,2017-07-05,0,"http://www.poconorecord.com/news/20170705/heavily-armed-driver-shoots-self-after-pursuit"
1,-75.1691,40.0239,2017-07-05,0,"http://6abc.com/news/police-id-germantown-homicide-victim/2184511/"
1,-75.3483,40.1209,2017-07-06,1,"http://www.philly.com/philly/news/crime/teenager-arrested-in-july-norristown-shooting-death-20170831.html"
1,-75.232,39.9609,2017-07-07,0,"http://philadelphia.cbslocal.com/2017/07/07/west-philadelphia-shooting/"
4,-75.0176,40.3496,2017-07-07,0,"http://www.pennlive.com/nation-world/2017/12/cousins_charged_in_shooting_de.html#incart_river_home"
1,-75.0721,39.9955,2017-07-08,0,"http://6abc.com/news/police-investigate-gruesome-death-in-bridesburg/2195462/"
1,-75.9423,41.2417,2017-07-09,0,"http://timesleader.com/news/local/667330/wife-of-man-killed-outside-bar-says-shooting-ripped-my-heart-out"
1,-76.7241,39.9556,2017-07-09,0,"http://fox43.com/2017/07/09/one-man-is-dead/"
1,-80.0217,40.4559,2017-07-09,1,"http://www.post-gazette.com/local/city/2017/07/09/Woman-killed-another-injured-fatal-shooting-Manchester-Pittsburgh-July-9/stories/201707090180"
1,-75.8312,40.3258,2017-07-09,0,"http://wnep.com/2017/07/09/deadly-shooting-outside-bar-in-pittston/"
1,-75.3419,40.1126,2017-07-09,0,"http://philadelphia.cbslocal.com/2017/07/10/arrest-in-shooting-in-norristown/"
1,-75.3696,41.196,2017-07-11,0,"http://www.wfmz.com/news/poconos-coal/police-boyfriend-fatally-shot-woman-while-child-at-home/585921174"
2,-75.1383,39.9966,2017-07-12,0,"http://www.philly.com/philly/news/crime/2-women-shot-to-death-truck-fairhill-philadelphia-20170712.html"
1,-75.1774,39.9432,2017-07-15,3,"http://6abc.com/news/2-dead-3-injured-in-south-philadelphia-shootings/2222438/"
1,-75.4438,41.2393,2017-07-15,0,"http://wnep.com/2017/08/30/woman-pleads-not-guilty-in-deadly-shooting/"
1,-76.7411,39.9599,2017-07-16,0,"http://abc27.com/2017/07/19/suspect-arrested-in-york-homicide/"
1,-79.8532,40.3519,2017-07-16,1,"http://triblive.com/local/allegheny/12578526-74/suspect-in-mckeesport-homicide-surrenders"
1,-75.1506,39.9349,2017-07-16,0,"http://6abc.com/news/2-dead-3-injured-in-south-philadelphia-shootings/2222438/"
2,-75.075,40.0083,2017-07-16,0,"http://www.nbcphiladelphia.com/news/local/Man-Who-Shot-Two-Neighbors-to-Death-in-Frankford-Philadelphia-Charged-With-Murder-437201003.html"
1,-80.007,40.4612,2017-07-16,0,"http://triblive.com/local/allegheny/12514795-74/man-shot-to-death-in-fineview"
1,-79.9788,40.4395,2017-07-16,0,"http://www.post-gazette.com/local/city/2017/07/16/Man-killed-Lower-Hill-District-shooting-Pittsburgh-Lombard-Street/stories/201707160187"
2,-79.9175,40.4655,2017-07-18,0,"http://www.wpxi.com/news/top-stories/victims-identified-after-double-shooting-in-pittsburgh-neighborhood/563868429"
1,-79.8092,39.7802,2017-07-18,0,"http://pittsburgh.cbslocal.com/2017/07/19/georges-township-fatal-shooting-love-triangle/"
1,-75.9193,40.3512,2017-07-18,0,"http://www.yorkdispatch.com/story/news/2017/07/24/police-york-14-year-old-slain-trying-buy-gun-reading/505890001/"
1,-75.0836,40.0168,2017-07-18,0,"http://6abc.com/news/man-shot-dead-in-frankford/2231408/"
2,-75.0819,40.0283,2017-07-18,0,"http://www.nbcphiladelphia.com/news/local/Shooting-Police-Philadelphia-Shots-Fired-Gunman-435268793.html"
1,-75.2171,39.9307,2017-07-19,0,"http://www.philly.com/philly/news/crime/man-fatally-shot-with-assault-rifle-in-southwest-philly-20170720.html"
1,-75.1616,39.9965,2017-07-20,1,"http://www.philly.com/philly/news/crime/man-wheelchair-killed-tioga-home-invasion-20170721.html"
1,-75.3941,39.8351,2017-07-21,0,"http://www.delcotimes.com/general-news/20180108/chester-cops-still-hunting-for-homicide-suspects"
1,-75.2792,40.2772,2017-07-22,0,"http://philadelphia.cbslocal.com/2017/08/03/man-charged-in-fatal-hatfield-shooting/"
1,-75.3488,39.8602,2017-07-22,0,"http://www.delcotimes.com/general-news/20170723/chester-police-make-arrest-in-1-of-2-fatal-shootings-11-year-old-hit-by-stray-bullet-inside-his-house"
1,-79.9162,40.3747,2017-07-22,0,"http://pittsburgh.cbslocal.com/2017/07/22/fatal-shooting-lougean-street/"
3,-79.8374,42.2351,2017-07-23,0,"http://www.erienewsnow.com/story/35951420/state-police-release-names-in-murder-suicide-that-killed-three-in-north-east"
1,-75.1143,40.0003,2017-07-23,1,"http://6abc.com/news/double-shooting-leaves-1-dead-1-critical-in-n-phila/2243598/"
2,-80.2163,39.9231,2017-07-25,0,"http://www.observer-reporter.com/20170727/franklin_township_shooting_deaths_appear_to_be_murder-suicide"
1,-75.1432,40.0542,2017-07-27,0,"http://www.philly.com/philly/news/woman-arrested-fatal-shooting-west-oak-lane-20170728.html"
1,-75.2967,39.9929,2017-07-29,0,"http://www.philly.com/philly/news/murder-warrant-approved-in-haverford-fatal-shooting-20170902.html"
1,-79.6821,40.2116,2017-07-29,0,"http://triblive.com/local/westmoreland/12572362-74/castle-doctrine-could-be-a-factor-in-yukon-shooting-da-says?utm_source=feedburner&utm_medium=feed&utm_campaign=Feed%3A+alltribstories+%28TribLIVE+News%29"
1,-80.057,40.473,2017-07-29,0,"http://www.post-gazette.com/local/west/2017/07/29/McKees-Rocks-Uansa-Village-young-man-shot-killed/stories/201707290105"
1,-76.8633,40.2677,2017-07-30,0,"http://www.pennlive.com/news/2017/08/man_died_of_multiple_gunshots.html"
1,-80.007,40.4603,2017-07-30,0,"http://www.wpxi.com/news/top-stories/man-found-shot-to-death-inside-apartment-building/561778455"
1,-75.2457,39.902,2017-07-31,0,"http://www.foxnews.com/us/2017/08/02/pennsylvania-man-shot-dead-45-minutes-after-leaving-court-in-drug-case.html?utm_source=feedburner&utm_medium=feed&utm_campaign=Feed%3A+foxnews%2Fnational+%28Internal+-+US+Latest+-+Text%29"
1,-75.1374,39.9964,2017-07-31,0,"http://6abc.com/news/man-sitting-on-stoop-gunned-down-in-north-phila/2262879/"
1,-75.1628,40.07,2017-08-01,1,"http://www.philly.com/philly/news/philadelphia-crime-fatal-shooting-west-mount-airy-abdur-rahman-20170803.html"
1,-75.8307,39.9802,2017-08-01,0,"http://www.dailylocal.com/article/DL/20170804/NEWS/170809926"
1,-78.9071,40.3262,2017-08-02,0,"http://www.tribdem.com/news/police-seek-person-of-interest-in-fatal-shooting/article_1a2307f0-7891-11e7-8690-9fd601e51012.html"
1,-75.3679,39.8665,2017-08-03,0,"http://6abc.com/man-shot-killed-in-chester-delaware-county/2273986/"
1,-79.8948,40.4548,2017-08-03,0,"http://triblive.com/local/allegheny/12584825-74/man-shot-killed-in-homewood"
2,-75.2534,39.9151,2017-08-04,1,"http://www.nbcphiladelphia.com/news/local/Three-People-Shot-Killing-Two_Philadelphia-438838753.html"
1,-79.1155,41.8224,2017-08-04,0,"http://pittsburgh.cbslocal.com/2017/08/05/mead-township-ak47-traffic-stop-officer-shooting/"
1,-80.0978,40.4718,2017-08-04,0,"http://www.observer-reporter.com/20170805/eighty_four_man_dies_in_shooting"
1,-80.0074,40.4705,2017-08-04,0,"http://pittsburgh.cbslocal.com/2017/08/05/perry-south-fatal-shooting-maple-avenue/"
1,-80.0198,40.4632,2017-08-06,0,"http://www.post-gazette.com/local/city/2017/08/07/Mother-shot-killed-Perry-South-seven-month-old-child-survives/stories/201708070057"
1,-79.9936,40.4666,2017-08-07,0,"http://triblive.com/local/allegheny/13478034-74/shaler-man-died-of-wounds-from-north-side-shooting-investigators-say"
1,-79.9699,40.4428,2017-08-08,0,"http://www.post-gazette.com/local/city/2017/12/08/Pittsburgh-homicide-Hill-District-Oak-Hill-apartments-gun-violence-Tevin-Patterson-Calvin-Turner/stories/201712080129"
1,-75.1641,39.9905,2017-08-08,0,"http://philadelphia.cbslocal.com/2017/08/09/strawberry-mansion-shooting/"
1,-74.8659,40.2896,2017-08-08,0,"http://www.buckscountycouriertimes.com/news/crime/woman-charged-with-homicide-in-shooting-death-of-upper-makefield/article_c10e934e-a510-11e7-89e3-17e50db5c8a7.html"
1,-75.5617,39.9725,2017-08-08,0,"http://6abc.com/man-gunned-down-outside-home-in-west-goshen/2286340/"
1,-79.7314,39.8982,2017-08-09,0,"http://local21news.com/news/local/teen-charged-with-fatally-shooting-19-year-old-amid-fight"
1,-75.2181,40.0426,2017-08-09,0,"http://www.philly.com/philly/news/murder-michael-davis-roderick-jones-philadelphia-strawberry-mansion-20170810.html"
1,-79.8809,40.3642,2017-08-09,0,"http://pittsburgh.cbslocal.com/2017/10/26/kayleigh-potter-son-fatal-shooting-trial/"
1,-75.1634,39.9098,2017-08-11,0,"http://philadelphia.cbslocal.com/2017/08/14/police-identify-officers-involved-in-fatal-shooting-of-car-theft-suspect/"
2,-75.8794,41.1592,2017-08-12,0,"http://standardspeaker.com/news/2-killed-in-fairview-twp-murder-suicide-identified-1.2229701"
1,-75.4866,40.6,2017-08-13,3,"http://www.mcall.com/news/breaking/mc-pol-allentown-home-invasion-murder-hearing-20170921-story.html"
1,-79.6815,40.6763,2017-08-14,0,"http://triblive.com/local/valleynewsdispatch/12622325-74/police-investigate-womans-shooting-death-in-freeport?utm_source=feedburner&utm_medium=feed&utm_campaign=Feed%3A+alltribstories+%28TribLIVE+News%29"
1,-75.1708,39.9406,2017-08-14,0,"http://www.philly.com/philly/news/west-philly-dice-game-ends-in-fatal-shooting-20170815.html"
1,-79.9922,40.3374,2017-08-15,0,"http://www.post-gazette.com/local/south/2017/08/23/Clairton-football-bryson-koontz-baldwin-borough-shooting-pittsburgh-nathan-lee-nathan-assad/stories/201708230446"
1,-76.7681,40.2673,2017-08-16,0,"http://www.pennlive.com/news/2017/08/swatara_township_homicide_teen.html"
1,-75.1629,40.0005,2017-08-16,0,"http://philadelphia.cbslocal.com/2017/08/16/north-philadelphia-homicide/"
1,-79.9707,40.4472,2017-08-17,0,"http://triblive.com/local/allegheny/12634620-74/police-probe-fatal-hill-district-shooting?utm_source=feedburner&utm_medium=feed&utm_campaign=Feed%3A+TopTribliveStories+%28Top+Stories%29"
1,-79.758,39.8207,2017-08-18,2,"http://www.post-gazette.com/local/region/2017/08/18/State-trooper-shot-Fairchance-Fayette-County-Uniontown/stories/201708180193"
1,-76.34,39.9434,2017-08-18,0,"http://lancasteronline.com/news/local/man-kills-self-as-police-officer-serves-arrest-warrant-at/article_2e6cb442-841f-11e7-9632-b34dfb3df6b6.html"
2,-75.3614,39.8784,2017-08-21,0,"https://patch.com/pennsylvania/media/delco-murder-suicide-victims-were-daughter-father-report"
1,-76.7249,39.9658,2017-08-21,0,"http://abc27.com/2017/09/18/coroner-man-dies-weeks-after-york-shooting/"
1,-75.1886,40.9986,2017-08-24,0,"http://www.poconorecord.com/news/20170825/man-charged-in-fatal-east-stroudsburg-shooting"
1,-75.1295,39.9976,2017-08-24,0,"http://www.philly.com/philly/news/man-killed-in-fairhill-shooting-20170825.html"
1,-76.7518,39.9533,2017-08-25,0,"http://www.pennlive.com/news/2017/08/woman_charged_with_homicide_in.html"
1,-75.4837,40.6082,2017-08-26,0,"http://www.mcall.com/news/breaking/mc-pol-allentown-shooting-20170826-story.html"
1,-75.3888,40.6093,2017-08-28,0,"http://www.mcall.com/news/breaking/mc-pol-fountain-hill-homicide-hearing-20171107-story.html"
1,-80.007,40.4603,2017-08-29,0,"http://www.wpxi.com/news/top-stories/man-fatally-shot-in-head-in-fineview/600428219"
1,-79.3835,40.3169,2017-08-29,0,"http://www.post-gazette.com/local/westmoreland/2017/08/31/Latrobe-homicide-Andrew-Braddy-Devin-Capasso-teenager-fatal-shooting-gun/stories/201708310172"
1,-80.4967,41.2385,2017-08-29,0,"http://www.wfmj.com/story/36247331/sharon-teen-shot-and-killed-another-charged-with-homicide"
1,-76.422,40.0376,2017-08-30,1,"http://fox43.com/2017/08/31/lancaster-county-da-releases-names-of-people-involved-in-wednesdays-two-separate-fatal-incidents-in-west-hempfield-twp/"
2,-76.4452,40.0549,2017-08-30,0,"http://triblive.com/state/pennsylvania/12690403-74/deaths-of-son-father-ruled-homicide-suicide?utm_source=feedburner&utm_medium=feed&utm_campaign=Feed%3A+alltribstories+%28TribLIVE+News%29"
1,-75.1067,40.0269,2017-08-30,0,"http://www.fox29.com/news/277580579-story"
1,-75.184,39.9883,2017-08-30,0,"http://philadelphia.cbslocal.com/2017/08/30/man-shot-neck-north-philly/"
2,-79.8763,40.3505,2017-09-01,1,"http://pittsburgh.cbslocal.com/2017/09/19/mckeesport-sisters-robbery-murder-second-arrest/"
1,-75.0855,40.0162,2017-09-01,0,"http://6abc.com/shooting-victim-dies-after-gunfire-erupts-in-frankford/2366019/"
1,-79.867,40.4701,2017-09-02,0,"http://www.post-gazette.com/local/east/2017/10/03/Steven-Sparrow-Penn-Hills-suspect-shooting-death-Andrew-Williams-Facebook-evidence/stories/201710030124"
1,-76.8882,40.2686,2017-09-03,0,"http://fox43.com/2017/09/03/update-harrisburg-shooting-victim-dies-suspect-in-custody/"
1,-75.1987,39.9683,2017-09-05,0,"http://www.philly.com/philly/news/crime/man-24-shot-dead-in-north-philly-20170906.html"
1,-75.1623,39.9665,2017-09-07,0,"http://www.nbcphiladelphia.com/news/local/Teen-Charged-as-Adult-in-Shooting-Death-of-Philadelphia-Dad-443759573.html"
1,-75.141,39.9985,2017-09-07,0,"http://www.philly.com/philly/news/crime/man-shot-in-neck-in-north-philly-20170908.html"
1,-75.4008,39.8364,2017-09-09,0,"http://www.delcotimes.com/general-news/20170910/man-gunned-down-on-chester-street-22nd-homicide-of-2017"
1,-75.203,39.9653,2017-09-10,0,"http://www.philly.com/philly/news/crime/philadelphia-homicides-crime-guns-20170911.html"
1,-76.8151,40.3261,2017-09-10,0,"http://www.pennlive.com/news/2017/09/police_id_york_man_as_invader.html"
1,-75.8686,41.466,2017-09-10,0,"http://thetimes-tribune.com/news/woman-dead-two-men-charged-after-wyoming-county-shooting-1.2241443"
1,-75.379,39.8566,2017-09-10,0,"http://www.delcotimes.com/general-news/20170911/cops-hunt-for-clues-in-upland-chester-homicides"
1,-75.1676,39.9957,2017-09-11,0,"http://philadelphia.cbslocal.com/2017/09/12/north-22nd-street-fatal-shooting/"
1,-75.0283,40.0409,2017-09-12,0,"http://philadelphia.cbslocal.com/2017/09/12/frankford-dyre-street-shooting/"
1,-77.3062,41.1875,2017-09-13,0,"http://www.pennlive.com/news/2017/09/intruder_shot_multiple_times_d.html#incart_river_index"
1,-79.9737,40.4231,2017-09-14,0,"http://www.post-gazette.com/local/city/2017/09/14/south-side-slopes-shooting-pittsburgh-mission-street-louis-dickerson-omar-berry/stories/201709140269"
1,-80.1099,42.1142,2017-09-15,0,"http://www.goerie.com/news/20170916/erie-police-continue-to-search-for-clues-in-two-thursday-night-shootings"
1,-75.1475,39.9899,2017-09-15,2,"http://www.nbcphiladelphia.com/news/local/North-Philadelphia-Hookah-Lounge-Shooting-Security-Guard-Gunman-Dead-Victims-444885943.html"
1,-75.9713,40.956,2017-09-16,0,"http://standardspeaker.com/news/police-boy-s-cellphone-could-hold-murder-clues-1.2265172"
1,-79.8928,40.4536,2017-09-17,0,"http://www.wpxi.com/news/top-stories/wilkinsburg-man-21-dead-after-shooting-in-homewood/610663026"
1,-80.4277,41.6865,2017-09-17,1,"http://www.goerie.com/news/20170918/autopsy-set-for-meadville-man-killed-in-linesville-area-shooting"
1,-75.3774,39.844,2017-09-18,2,"http://philadelphia.cbslocal.com/2017/09/18/chester-multiple-people-shot/"
1,-80.0305,40.4754,2017-09-18,0,"http://pittsburgh.cbslocal.com/2017/09/18/brighton-road-fatal-shooting/"
1,-75.8662,41.2509,2017-09-19,0,"https://timesleader.com/news/675941/four-suspects-sought-in-tuesday-shooting-in-wilkes-barre"
1,-76.5516,40.7829,2017-09-19,0,"https://www.newsitem.com/articles/death-ruled-suicide/"
1,-75.5441,40.587,2017-09-19,0,"http://www.mcall.com/news/police/mc-pol-allentown-homicides-2017-as-of-october-20171011-story.html"
1,-75.1584,39.9221,2017-09-19,0,"http://philadelphia.cbslocal.com/2017/09/19/south-philadelphia-homicide/"
2,-76.7853,40.2436,2017-09-19,0,"http://www.pennlive.com/news/2017/09/police_id_gunman_victim_in_mur.html#incart_river_home"
1,-75.188,39.9842,2017-09-21,1,"http://www.philly.com/philly/news/crime/one-man-critical-after-double-shooting-in-strawberry-mansion-20170921.html"
1,-75.1445,39.9895,2017-09-22,0,"http://6abc.com/man-26-shot-and-killed-in-north-philadelphia/2442318/"
1,-76.468,40.7948,2017-09-23,0,"http://q13fox.com/2017/09/27/pennsylvania-man-dies-after-wife-shoots-him-with-pellet-gun-police-say/"
1,-79.7507,39.8221,2017-09-23,1,"http://pittsburgh.cbslocal.com/2018/03/28/fayette-county-fatal-shooting-wife-sentenced/"
1,-76.7349,39.9554,2017-09-23,0,"http://www.ydr.com/story/news/crime/2017/09/24/teen-fatally-shot-york-saturday-night-coroner-says/697717001/"
1,-75.6342,40.23,2017-09-24,0,"http://www.wfmz.com/news/southeastern-pa/coroner-teen-shot-in-chester-county-home-invasion-dies/625887338"
1,-76.4227,40.3473,2017-09-25,1,"http://www.pennlive.com/news/2017/10/criminal_homicide.html#incart_river_index"
1,-76.8889,40.2779,2017-09-25,0,"http://www.pennlive.com/news/2017/12/guns_drugs_and_cash_were_found.html#incart_river_index"
1,-75.1775,40.0433,2017-09-26,3,"http://6abc.com/vigil-held-for-teen-killed-in-germantown-shooting/2465143/"
1,-75.339,39.8908,2017-09-26,0,"http://philadelphia.cbslocal.com/2017/09/26/ridley-township-shooting/"
1,-75.5481,41.8901,2017-09-26,0,"http://thetimes-tribune.com/news/woman-charged-in-susquehanna-shooting-death-1.2250037"
1,-75.1515,39.9627,2017-09-26,2,"http://www.nbcphiladelphia.com/news/local/Shooting-Bushes-Homicide-447911463.html"
1,-75.1273,40.0015,2017-09-27,0,"http://www.philly.com/philly/news/man-32-fatally-shot-in-kensington-20170927.html"
1,-75.1261,39.9695,2017-09-27,0,"http://www.philly.com/philly/news/crime/jeanette-wakefield-center-city-realtor-terrance-corrigan-fishtown-fatal-shooting-20170929.html"
1,-75.5169,40.134,2017-09-28,0,"http://6abc.com/arrest-made-in-deadly-phoenixville-shooting/2466230/"
1,-80.3287,40.9915,2017-09-29,0,"http://www.ncnewsonline.com/news/city-reports-first-homicide-of-year/article_8c18f16e-a585-11e7-9b40-db0c74545db3.html"
1,-75.1538,40.0691,2017-09-29,0,"http://6abc.com/police-investigate-deadly-shooting-in-west-oak-lane/2468273/"
1,-75.8203,39.9747,2017-09-30,0,"http://www.philly.com/philly/news/pennsylvania/gang-murder-charge-cut-throat-family-coatesville-dominic-poulson-20180110.html"
1,-75.3759,39.8548,2017-10-01,0,"http://www.delcotimes.com/general-news/20171003/cops-drug-price-dispute-ended-in-homicide"
1,-74.8153,40.139,2017-10-01,0,"http://www.nj.com/mercer/index.ssf/2017/10/man_killed_his_girlfriend_during_argument_police_s.html#incart_river_index"
1,-80.2915,40.8579,2017-10-01,0,"https://www.ellwoodcityledger.com/news/police_fire_courts/ellwood-city-police-respond-to-domestic-that-turns-into-suicide/article_00db4e82-a7a9-11e7-967f-f377fb888b5e.html"
1,-80.2918,40.1936,2017-10-01,0,"http://www.wtae.com/article/drummer-calls-family-to-say-this-could-be-it-during-las-vegas-mass-shooting/12766708"
2,-75.4708,40.6152,2017-10-02,0,"http://www.mcall.com/news/breaking/mc-pol-allentown-daytime-killing-bloods-gang-dispute-20171108-story.html"
1,-76.9837,40.2401,2017-10-02,0,"http://www.pennlive.com/news/2017/10/police_officer_at_naval_suppor.html#incart_most-read_"
1,-76.2367,41.0541,2017-10-03,0,"http://wnep.com/2017/10/04/father-accidentally-shoots-self-while-trying-to-calm-crying-child-police/"
1,-75.5413,40.7463,2017-10-04,1,"http://www.mcall.com/news/breaking/mc-nws-lehigh-township-homicide-standoff-arrest-20171005-story.html"
1,-75.1786,39.9939,2017-10-04,2,"http://6abc.com/1-killed-teen-shot-6-times-in-strawberry-mansion-shooting/2492048/"
1,-75.1954,39.9351,2017-10-04,2,"http://www.philly.com/philly/news/crime/fatal-triple-shootings-philadelphia-crime-20171005.html"
1,-79.7534,40.0887,2017-10-06,0,"http://www.yourohiovalley.com/story/36544065/man-holding-weapon-shot-to-death-by-officers"
1,-79.9652,39.9484,2017-10-08,0,"http://www.pennlive.com/daily-buzz/2018/01/pa_woman_accused_of_goading_bo.html"
1,-75.2319,39.9867,2017-10-08,1,"http://6abc.com/police-gun-battle-leaves-one-dead-one-injured-/2508644/"
1,-75.4789,40.6026,2017-10-10,1,"http://www.mcall.com/news/breaking/mc-pol-allentown-homicide-warrant-20171012-story.html"
1,-79.135,41.959,2017-10-11,0,"http://www.erienewsnow.com/story/36578577/fatal-shooting-in-warren-county-deemed-a-suicide"
1,-79.8521,40.374,2017-10-11,0,"http://www.wtae.com/article/15-year-old-boy-found-shot-multiple-times-in-duquesne/12832790"
2,-75.3956,39.8356,2017-10-11,0,"http://www.philly.com/philly/news/crime/police-id-men-killed-in-chester-double-shooting-20171012.html"
1,-75.1757,39.9958,2017-10-11,0,"http://6abc.com/man-found-shot-to-death-in-strawberry-mansion/2520228/"
1,-75.1954,39.9532,2017-10-12,0,"http://www.pennlive.com/news/2017/10/body_river_shark_tank_philip_r.html#incart_river_index"
1,-79.8568,40.3403,2017-10-14,1,"http://www.post-gazette.com/local/south/2017/10/14/McKeesport-homicide-shooting-Jenny-Lind-Allegheny-County-police/stories/201710140120"
1,-75.1439,39.9587,2017-10-14,0,"http://www.philly.com/philly/news/crime/man-found-stabbed-to-death-in-northern-liberties-recording-studio-20171014.html"
1,-79.8568,40.3403,2017-10-14,1,"http://www.post-gazette.com/local/city/2018/01/05/Testimony-Fatal-McKeesport-shooting-prompted-by-100-debt/stories/201801050143"
1,-75.1269,39.9997,2017-10-14,0,"http://philadelphia.cbslocal.com/2017/10/15/man-50-shot-dead-in-fairhill/"
1,-75.1186,39.9918,2017-10-16,0,"http://philadelphia.cbslocal.com/2017/10/16/man-killed-kensington-shooting/"
1,-75.1578,40.0098,2017-10-16,1,"http://6abc.com/driver-killed-passenger-injured-in-tioga-nicetown-shooting/2537557/"
1,-76.7509,39.9551,2017-10-17,0,"http://www.pennlive.com/news/2017/11/suspect_in_york_exxon_murder_c.html#incart_river_index"
1,-75.1444,40.0556,2017-10-18,0,"http://6abc.com/1-teen-killed-1-injured-in-philadelphia-shootings/2550847/"
1,-75.139,40.0108,2017-10-19,0,"http://6abc.com/shooting-victim-dies-after-running-to-friends-house/2550916/"
1,-76.7914,40.8645,2017-10-20,1,"http://www.pennlive.com/news/2017/10/millerstown_man_identified_as.html#incart_river_home_pop"
1,-75.161,40.8172,2017-10-21,0,"http://www.lehighvalleylive.com/slate-belt/index.ssf/2017/12/stepfather_allegedly_argued_ov.html#incart_2box_lvl-homepage-featured"
1,-77.7159,39.7469,2017-10-22,0,"http://www.pennlive.com/news/2017/10/franklin_county_domestic_viole.html#incart_river_index"
1,-75.1315,40.0006,2017-10-22,1,"http://philadelphia.cbslocal.com/2017/10/23/north-philadelphia-double-shooting/"
1,-79.8935,40.4581,2017-10-22,0,"http://www.post-gazette.com/local/city/2017/10/23/dead-fatal-shooting-homewood-pittsburgh-man-in-street/stories/201710230096"
1,-78.518,40.0506,2017-10-22,0,"http://www.altoonamirror.com/news/local-news/2017/10/police-man-aimed-gun-at-wife-fled-then-killed-himself-on-interstate-99/"
2,-75.5056,41.5868,2017-10-23,0,"http://wnep.com/2017/10/23/police-investigating-apparent-murder-suicide-in-lackawanna-county/"
1,-79.8888,40.4537,2017-10-23,0,"http://www.post-gazette.com/local/city/2017/10/23/dead-fatal-shooting-homewood-pittsburgh-man-in-street/stories/201710230096"
2,-75.1668,39.9202,2017-10-24,0,"http://www.philly.com/philly/news/crime/thousands-say-goodbye-to-teen-fatally-shot-in-south-philadelphia-20171028.html"
1,-76.0198,41.2215,2017-10-24,1,"http://thetimes-tribune.com/news/officer-involved-shooting-along-the-susquehanna-river-ruled-justified-1.2261110"
1,-75.1254,39.998,2017-10-25,2,"http://6abc.com/police-suspect-kills-man-crashes-shoots-witness/2565178/"
1,-80.3764,40.9213,2017-10-25,0,"http://www.ncnewsonline.com/news/local_news/update-crash-victim-s-death-ruled-a-suicide/article_93dc5987-8d7c-5a22-8885-c6401ee555b6.html"
1,-80.0786,42.1356,2017-10-26,0,"http://www.goerie.com/news/20171027/state-police-man-shot-by-erie-police-drove-van-at-officers"
1,-80.0371,40.5492,2017-10-26,1,"http://pittsburgh.cbslocal.com/2017/10/26/fairview-township-homicide-three-charged/"
1,-78.9069,40.3058,2017-10-26,0,"http://www.wearecentralpa.com/news/police-search-for-suspect-in-deadly-shooting/844876752"
1,-77.7382,40.8711,2017-10-27,0,"http://www.centredaily.com/news/local/crime/article181763686.html"
1,-78.2235,40.9298,2017-10-30,0,"http://wjactv.com/news/local/police-man-charged-in-fatal-clearfield-county-shooting"
1,-76.7206,39.965,2017-10-30,0,"https://www.ydr.com/story/news/2018/02/23/pa-crime-stoppers-publicize-unsolved-york-homicide/367652002/"
1,-79.9886,40.4152,2017-11-01,0,"http://www.post-gazette.com/local/city/2017/11/02/Pittsburgh-police-woman-shot-head-assault-Knoxville-rochelle-street-hospitalized/stories/201711020107"
1,-75.1118,39.9835,2017-11-01,0,"http://www.philly.com/philly/news/crime/shannon-blassengale-saleem-mitchell-shootings-port-richmond-north-philly-20171102.html"
1,-75.471,40.5898,2017-11-01,0,"http://www.lehighvalleylive.com/allentown/index.ssf/2017/11/allentown_homicide_leads_to_qu.html#incart_river_index"
1,-79.8424,40.5066,2017-11-01,0,"http://triblive.com/local/allegheny/12903636-74/body-with-gunshot-wound-found-in-verona-creek-bed"
1,-74.8507,41.3061,2017-11-02,1,"http://wnep.com/2017/12/01/man-charged-with-tampering-with-evidence-following-deadly-pike-county-shooting/"
2,-75.1027,39.9961,2017-11-02,0,"http://6abc.com/police-port-richmond-suv-deaths-are-murder-suicide/2598180/"
1,-75.1563,40.0012,2017-11-02,0,"http://6abc.com/mother-seeks-answers-after-son-is-killed-in-north-philadelphia/3063655/"
1,-75.1772,39.9957,2017-11-02,1,"http://www.philly.com/philly/news/crime/shannon-blassengale-saleem-mitchell-shootings-port-richmond-north-philly-20171102.html"
1,-79.7176,39.9048,2017-11-03,0,"http://www.wtae.com/article/november-5-is-national-love-your-red-hair-day/13302566"
1,-75.482,40.61,2017-11-05,1,"http://www.mcall.com/news/breaking/mc-pol-allentown-woman-shot-20171105-story.html"
1,-75.1793,39.9178,2017-11-05,1,"https://www.nbcphiladelphia.com/news/local/16-Year-Old-Dies-12-Year-Old-Recovering-After-North-Philadelphia-Shooting-455343873.html"
1,-75.164,39.9405,2017-11-05,0,"https://www.nbcphiladelphia.com/news/local/Catherine-Street-Sunoco-Homicide-455556323.html"
1,-76.8878,40.2618,2017-11-06,0,"http://www.pennlive.com/news/2017/11/shooter_victim_had_dispute_ove.html#incart_river_index"
1,-75.077,40.0288,2017-11-07,0,"http://6abc.com/man-found-shot-dead-in-car-in-ne-philadelphia/2613273/"
1,-75.1309,39.9909,2017-11-07,1,"http://www.philly.com/philly/news/crime/double-shooting-in-fairhill-leaves-man-dead-20171107.html"
2,-77.0546,41.2347,2017-11-07,1,"http://local21news.com/news/local/shooting-reported-on-3rd-st-in-williamsport"
1,-75.4656,40.6038,2017-11-08,0,"http://www.mcall.com/news/breaking/mc-pol-allentown-arrest-made-in-allentown-homicide-of-parris-lane-20171113-story.html"
1,-75.182,39.9558,2017-11-09,0,"http://6abc.com/man-killed-block-from-strawberry-mansion-home/2621860/"
1,-75.1237,40.045,2017-11-09,0,"http://6abc.com/police-adults-not-talking-after-toddler-shoots-self-with-stolen-gun/2623845/"
1,-75.2124,39.9702,2017-11-09,0,"http://www.philly.com/philly/news/crime/gunmen-sought-west-philly-shooting-terrell-shields-killed-20171109.html"
2,-76.896,40.2811,2017-11-09,0,"http://www.pennlive.com/news/2017/11/double_homicide_harrisburg_pol.html#incart_river_index"
1,-76.7421,39.9556,2017-11-10,0,"http://www.pennlive.com/news/2017/12/teen_heading_to_trial_in_shoot.html#incart_river_index"
1,-75.2257,39.9543,2017-11-11,0,"http://6abc.com/ambush-at-philadelphia-gas-station-leaves-man-dead/2632395/"
1,-76.7225,39.9657,2017-11-12,0,"http://www.pennlive.com/news/2018/01/da_declines_to_prosecute_in_fa.html#incart_river_index"
1,-76.9967,41.2745,2017-11-12,0,"http://www.pennlive.com/news/2017/11/2_men_accused_in_fatal_shootin.html#incart_river_index"
1,-75.2317,39.9169,2017-11-12,0,"https://www.nbcphiladelphia.com/news/local/Southwest-Philadelphia-Shooting-Death-Woman-Home-457087043.html"
1,-75.3946,39.8446,2017-11-12,0,"http://www.delcotimes.com/general-news/20171113/person-of-interest-sought-in-fatal-chester-township-shooting"
1,-75.1215,40.014,2017-11-12,2,"https://news24.global/2017/11/reports-gunfire-outside-feltonville-nightclub-leaves-one-dead-two-injured/"
1,-77.1934,40.2049,2017-11-12,0,"http://cumberlink.com/news/local/crime-and-courts/harrisburg-man-held-for-court-in-november-carlisle-homicide/article_1c22bb28-f586-5317-b9f7-63b58cb35c0c.html"
2,-79.5658,40.6088,2017-11-13,0,"http://wjactv.com/news/state/man-woman-found-slain-in-pennsylvania-home"
1,-75.2481,39.9474,2017-11-15,0,"http://6abc.com/man-shot-to-death-in-southwest-philadelphia/2651927/"
1,-79.7624,40.5702,2017-11-17,0,"http://www.wpxi.com/news/top-stories/suspect-in-shooting-death-of-new-kensington-police-officer-in-custody/649497337"
1,-75.2258,39.9698,2017-11-18,0,"http://www.philly.com/philly/news/crime/man-dies-after-being-shot-while-driving-in-philly-20171118.html"
1,-79.8131,40.4567,2017-11-18,0,"http://pittsburgh.cbslocal.com/2017/11/18/penn-hills-shooting-bryant-drive/"
2,-79.6121,41.6043,2017-11-19,0,"http://pittsburgh.cbslocal.com/2017/11/19/venango-county-apparent-murder-suicide/"
1,-75.7692,40.5261,2017-11-19,1,"http://www.mcall.com/news/breaking/mc-pol-kutztown-coroner-incident-20171119-story.html"
1,-79.8203,40.4411,2017-11-20,0,"http://pittsburgh.cbslocal.com/2017/11/21/police-investigate-homicide-in-wilkins-township/"
1,-76.2378,40.8826,2017-11-21,0,"http://standardspeaker.com/news/sugarloaf-man-charged-in-wife-s-shooting-1.2271010"
1,-75.2368,39.9257,2017-11-22,2,"http://philadelphia.cbslocal.com/2017/11/22/triple-shooting-philly/"
1,-75.2368,39.9257,2017-11-22,2,"http://philadelphia.cbslocal.com/2017/11/22/triple-shooting-philly/"
1,-79.7313,39.9009,2017-11-24,0,"http://www.wpxi.com/news/top-stories/one-person-shot-outside-fayette-county-bar/653444795"
3,-78.2732,40.8533,2017-11-24,1,"http://www.altoonamirror.com/news/local-news/2017/11/police%E2%80%88osceola-mills-man-killed-two/"
1,-76.8607,40.2771,2017-11-24,0,"http://local21news.com/news/local/victim-identified-in-fatal-harrisburg-shooting"
2,-74.9622,40.0716,2017-11-25,0,"http://www.buckscountycouriertimes.com/news/20171126/state-police-shooting-in-bensalem-being-investigated-as-murder-suicide"
1,-76.8651,40.272,2017-11-25,0,"http://wjactv.com/news/local/harrisburg-homicide-suspect-being-held-in-johnstown"
1,-79.9005,40.4689,2017-11-25,0,"http://pittsburgh.cbslocal.com/2017/11/25/children-shot-pittsburgh-separate-incidents/"
1,-79.883,40.4462,2017-11-25,0,"http://www.wpxi.com/news/top-stories/man-24-dead-in-wilkinsburg-shooting/653663302"
1,-80.2609,40.1901,2017-11-26,1,"http://www.wpxi.com/news/top-stories/1-dead-1-injured-in-washington-county-shooting/653889920"
1,-79.8177,40.4082,2017-11-27,1,"http://triblive.com/local/allegheny/13006071-74/16-year-old-dead-in-turtle-creek-shooting-second-teen-hurt"
1,-79.7117,39.8951,2017-11-27,0,"http://pittsburgh.cbslocal.com/2017/11/30/wilkinsburg-police-arrest-man-wanted-in-uniontown-murder/"
1,-75.1927,39.9577,2017-11-28,0,"http://www.pennlive.com/news/2017/11/man_charged_with_murder_after.html#incart_river_index"
1,-79.8394,40.5408,2017-12-01,0,"http://www.erienewsnow.com/story/36977254/union-city-hunter-dies-in-accidental-shooting-friday-evening?utm_medium=social&utm_source=twitter_ErieNewsNow"
1,-78.9112,40.311,2017-12-03,0,"http://www.wearecentralpa.com/news/arrest-made-in-december-homicide/975333567"
2,-79.8935,40.4632,2017-12-04,2,"http://www.post-gazette.com/local/city/2017/12/05/double-Homicide-Pittsburgh-Lincoln-Lemington-gun-shooting-police-Allen-Bailey-stairwell/stories/201712050166"
1,-76.863,40.2601,2017-12-05,0,"http://www.pennlive.com/news/2017/12/the_only_son_i_have_they_kille_1.html#incart_river_index"
1,-75.1171,39.9977,2017-12-06,0,"http://www.philly.com/philly/news/crime/shootings-homicide-philadelphia-kensington-fern-rock-20171206.html"
1,-75.7424,41.3613,2017-12-07,0,"http://thetimes-tribune.com/news/witness-to-shooting-said-suspect-fired-on-police-1.2276953"
1,-75.898,41.2385,2017-12-07,0,"http://wnep.com/2017/12/08/devoted-father-killed-after-being-shot-in-face-and-neck-in-wilkes-barre/"
1,-80.2594,40.8637,2017-12-08,0,"http://pittsburgh.cbslocal.com/2017/12/09/ellport-home-intruder-related-to-homeowner/"
1,-78.9088,40.3083,2017-12-09,0,"http://www.wearecentralpa.com/news/police-shooting-is-result-of-retaliation/879275569"
1,-75.0811,40.0438,2017-12-10,0,"http://6abc.com/man-shot-and-killed-in-northeast-philadelphia/2764440/"
1,-75.1203,39.9975,2017-12-10,0,"http://www.philly.com/philly/news/crime/man-fatally-shot-kensington-sunday-20171211.html"
1,-76.3211,40.0366,2017-12-10,0,"http://www.wgal.com/article/man-arrested-in-lancaster-murder-case/15871694"
2,-76.3109,40.0169,2017-12-11,0,"http://lancasteronline.com/news/local/police-identify-man-woman-killed-in-homicide-suicide-shootings-in/article_405de8e6-dee3-11e7-91d9-9f55e683bc6d.html"
1,-75.1866,40.0562,2017-12-11,0,"http://6abc.com/man-killed-in-mount-airy-drive-by-shooting/2771937/"
1,-75.1442,40.0427,2017-12-11,0,"http://philadelphia.cbslocal.com/2018/01/10/police-persons-of-interest-shooting/"
1,-76.2979,40.0472,2017-12-11,0,NA
2,-78.1986,40.2452,2017-12-11,0,"http://wjactv.com/news/local/state-police-identify-victims-in-saxton-homicide-suicide"
1,-75.1683,40.9987,2017-12-11,0,"http://www.pahomepage.com/news/delivery-driver-shot-near-esu-dies/880439004"
1,-75.1341,40.0008,2017-12-12,0,"http://www.philly.com/philly/news/crime/300th-homicide-talik-monsanto-lavaun-steward-20171213.html"
1,-75.2217,39.9364,2017-12-12,0,"http://www.philly.com/philly/news/crime/300th-homicide-talik-monsanto-lavaun-steward-20171213.html"
1,-79.8737,40.4111,2017-12-12,0,"http://www.post-gazette.com/local/city/2017/12/13/Coroner-determines-man-in-torched-vehicle-died-from-gunshot/stories/201712130237"
2,-80.2932,40.6771,2017-12-13,0,"http://lancasteronline.com/news/national/cops-man-lured-wife-saying-had-gifts-for-kids-shot/article_15dafaca-7b84-5143-9e7c-fc73adb61b8c.html"
1,-79.8687,40.3218,2017-12-16,0,"http://www.post-gazette.com/local/south/2017/12/16/McKeesport-man-shot-to-death-Allegheny-County-police/stories/201712160122"
1,-76.7429,39.9571,2017-12-16,0,"http://www.ydr.com/story/news/crime/2017/12/19/police-name-armed-and-dangerous-homicide-suspect/964893001/"
1,-76.875,40.0775,2017-12-16,0,"http://abc27.com/2017/12/16/state-police-investigate-york-county-suicide/"
1,-79.9736,40.3502,2017-12-17,0,"http://pittsburgh.cbslocal.com/2018/01/09/baldwin-fatal-shooting-arrest/"
1,-76.2832,39.9776,2017-12-18,0,"http://lancasteronline.com/news/local/man-fatally-shoots-himself-inside-pequea-township-home-after-hours/article_e0683034-e46b-11e7-b48b-57c7ddd4430f.html"
1,-75.2412,39.9802,2017-12-18,0,"http://www.philly.com/philly/news/crime/man-27-fatally-shot-in-overbrook-20171218.html"
1,-79.9594,40.4313,2017-12-19,0,"http://pittsburgh.cbslocal.com/2017/12/30/anton-kemaev-dies-shot-south-side/"
1,-79.8955,40.2885,2017-12-20,0,"http://pittsburgh.cbslocal.com/2017/12/21/clairton-polk-ave-fatal-shooting-investigation/"
1,-75.2163,39.9379,2017-12-21,0,"http://www.philly.com/philly/news/crime/man-fatally-shot-in-southwest-philly-20171221.html"
1,-75.228,39.9181,2017-12-21,3,"http://www.philly.com/philly/news/crime/man-wanted-on-murder-charges-in-philadelphia-quadruple-shooting-20171224.html"
1,-75.1054,40.0009,2017-12-21,0,"http://philadelphia.cbslocal.com/2017/12/21/police-investigate-after-man-shot/"
1,-75.151,40.0001,2017-12-22,0,"http://6abc.com/man-shot-dead-on-north-philadelphia-street/2813873/"
1,-75.2551,39.9189,2017-12-22,0,"http://6abc.com/person-of-interest-sought-in-homicide-retaliation-shooting/2823826/"
2,-75.3327,40.6367,2017-12-22,0,"http://www.mcall.com/news/breaking/mc-nws-bethlehem-shooting-kepart-weapons-20171227-story.html"
1,-76.8636,40.2647,2017-12-22,1,"http://www.pennlive.com/news/2017/12/el-mofty_purchased_guns_legall.html#incart_river_index"
1,-80.1512,41.7349,2017-12-22,0,"http://www.goerie.com/news/20171222/crawford-county-standoff-ends-with-suicide"
1,-75.3978,39.834,2017-12-23,0,"https://www.nbcphiladelphia.com/news/local/Chester-City-Teen-Shot-Killed-Store-Juvenile-Suspects-Surveillance-Delaware-County-Pennsylvania-467781413.html"
1,-75.9062,40.3293,2017-12-23,0,"http://www.readingeagle.com/news/article/poilce-investigating-shooting-in-south-reading"
1,-79.8529,40.4466,2017-12-23,1,"http://newstalk990.com/news/regional/man-shot-in-home-invasion-identified-woman-critical"
1,-75.1118,39.9868,2017-12-23,0,"http://6abc.com/police-search-for-2-men-after-deadly-shooting-in-kensington/2817761/"
1,-75.4995,40.6171,2017-12-25,0,"http://www.mcall.com/news/breaking/mc-nws-allentown-suicide-shooting-20171225-story.html"
1,-75.1704,40.0302,2017-12-26,0,"http://6abc.com/teen-shot-and-killed-in-germantown/2826963/"
2,-79.8853,40.4245,2017-12-26,2,"http://local21news.com/news/local/police-man-young-boy-killed-in-shooting-at-home"
1,-75.5175,40.1251,2017-12-27,0,"http://6abc.com/search-for-suspects-in-shooting-of-phoenixville-high-student/2831762/"
1,-75.1532,40.0436,2017-12-27,0,"http://6abc.com/driver-shot-by-plainclothes-officer-in-germantown-dies/2832194/"
1,-76.8438,39.985,2017-12-28,0,"http://wjactv.com/news/state/police-rifle-wielding-man-fatally-shot-by-officer"
1,-75.6681,40.3451,2017-12-28,0,"http://local21news.com/news/local/suspect-arrested-for-homicide-after-breaking-into-berks-co-home"
1,-75.1581,39.9626,2017-12-28,0,"http://philadelphia.cbslocal.com/2017/12/28/police-investigating-deadly-center-city-shooting/"
1,-76.8571,40.2596,2017-12-31,1,"http://www.wgal.com/article/daily-activities-like-doing-chores-are-more-beneficial-than-we-thought/15903611"
1,-75.4812,40.6028,2018-01-01,1,"http://www.lehighvalleylive.com/allentown/index.ssf/2018/01/bethlehem_man_was_shot_to_deat.html#incart_river_index"
2,-75.5062,40.7002,2018-01-02,0,"http://6abc.com/couple-idd-in-northampton-co-murder-suicide/2856416/"
1,-75.1522,40.0609,2018-01-06,1,"http://6abc.com/man-dead-woman-critical-after-shooting-at-traffic-light/2874147/"
1,-76.7516,40.0019,2018-01-06,0,"http://www.star-telegram.com/news/politics-government/national-politics/article193350134.html"
1,-79.8993,40.4632,2018-01-09,0,"http://www.wpxi.com/news/top-stories/school-on-lockdown-after-shooting-in-homewood-/680603842"
1,-75.2651,39.9004,2018-01-12,0,"http://6abc.com/deadly-shooting-in-darby-township/2933126/"
2,-75.3716,41.1717,2018-01-12,0,"http://www.pennlive.com/daily-buzz/2018/01/murder-suicide_involving_16-ye.html#incart_river_index"
1,-79.852,40.3711,2018-01-12,0,"http://pittsburgh.cbslocal.com/2018/01/24/crime-stoppers-fatal-duquesne-shooting/"
1,-75.0962,40.0515,2018-01-13,1,"http://6abc.com/police-man-shoots-wife-kills-self-in-lawncrest-/2942505/"
2,-78.9118,40.1895,2018-01-14,0,"http://wjactv.com/news/local/state-police-county-coroner-called-to-somerset-county-home"
1,-79.9071,39.8412,2018-01-15,0,"http://pittsburgh.cbslocal.com/2018/01/17/masontown-fatal-shooting-suspect-arrested/"
1,-75.2655,39.9576,2018-01-15,0,"http://philadelphia.cbslocal.com/video/3437028-police-investigate-fatal-upper-darby-shooting/"
1,-79.5833,40.2333,2018-01-16,0,"http://www.post-gazette.com/local/westmoreland/2018/01/16/Active-shooter-Rt-119-Youngwood-Pennsylvania-State-Police-Westmoreland-County-standoff/stories/201801160111"
1,-75.1566,39.9671,2018-01-16,0,"http://6abc.com/man-killed-in-north-phila-drive-by-shooting/2950836/"
2,-79.8813,40.2846,2018-01-17,0,"http://pittsburgh.cbslocal.com/2018/01/17/2-people-found-dead-clairton-home/"
2,-79.9459,40.4067,2018-01-17,0,"http://www.wtae.com/article/medical-examiner-called-to-scene-in-hazelwood/15374048"
1,-75.1401,40.0016,2018-01-17,0,"http://6abc.com/man-killed-while-eating-sandwich-in-n-philly-idd/2961134/"
1,-79.9882,40.4174,2018-01-17,0,"http://www.post-gazette.com/local/city/2018/01/18/Police-Man-found-fatally-dead-shot-lying-in-Knoxville-street-pittsburgh/stories/201801180094"
2,-76.8612,40.2653,2018-01-18,2,"http://www.pennlive.com/news/2018/03/friendly_fire_killed_deputy_ma.html#incart_river_index"
1,-76.7179,40.2675,2018-01-19,0,"http://www.pennlive.com/news/2018/01/body_found_during_apartment_fi.html"
1,-75.1566,40.0037,2018-01-20,0,"http://6abc.com/man-dies-after-being-shot-7-times-in-tioga-nicetown/2972175/"
1,-80.0317,40.4696,2018-01-20,0,"http://www.altoonamirror.com/news/local-news/2018/01/police-campbell-shot-victim-multiple-times/"
1,-75.2236,39.9368,2018-01-22,0,"http://6abc.com/man-killed-in-sw-philadelphia-shooting-idd/2981609/"
1,-79.8935,40.4632,2018-01-22,0,"http://www.post-gazette.com/local/city/2018/01/23/Lincoln-Lemington-homicide-Pittsburgh-shot-Shayne-Henderson-Everton-Street/stories/201801230134"
1,-75.1762,40.0639,2018-01-23,0,"http://www.fox29.com/news/local-news/man-shot-execution-style-near-girlfriend-daughters-in-east-mount-airy"
1,-75.3815,39.8396,2018-01-23,0,"http://6abc.com/chester-police-investigate-citys-first-homicide-of-2018/2982308/"
1,-75.1417,40.0379,2018-01-23,0,"http://6abc.com/19-year-old-shot-and-killed-in-olney/2979571/"
1,-76.5676,40.7852,2018-01-24,0,"http://www.pennlive.com/news/2018/01/shamokin_area_teen_jailed_char.html#incart_river_index"
1,-76.7455,39.9537,2018-01-25,0,"http://www.pennlive.com/news/2018/01/death_of_york_man_under_invest.html#incart_river_index"
1,-79.8595,40.3436,2018-01-27,0,"http://www.post-gazette.com/local/south/2018/02/02/Police-investigate-man-killed-in-McKeesport-shooting/stories/201802020144"
5,-79.3889,40.0521,2018-01-28,0,"http://abcnews.go.com/US/suspected-gunman-quadruple-homicide-rural-pennsylvania-car-wash/story?id=52689286"
4,-75.9318,40.3331,2018-01-28,0,"http://www.post-gazette.com/news/state/2018/01/30/Authorities-have-identified-the-four-men-killed-in-a-shooting-at-a-Reading-row-home/stories/201801300136"
1,-79.8667,40.4527,2018-01-28,0,"http://www.post-gazette.com/local/city/2018/01/30/East-Liberty-Pittsburgh-Melik-Johnson-shot-homicide-victim-gun-Devlen-Prosdocimo/stories/201801300157"
1,-80.079,40.4745,2018-01-28,0,"http://pittsburgh.cbslocal.com/2018/01/28/stowe-township-broadway-avenue-fatal-shooting/"
1,-75.9067,41.0332,2018-01-28,1,"https://www.timesleader.com/news/696614/mother-testifies-to-being-beaten-deadly-shooting"
2,-75.0811,40.0438,2018-01-29,0,"http://www.times-standard.com/general-news/20180130/police-man-held-after-2-women-shot-dead-considered-suspect"
1,-75.1719,39.9143,2018-01-29,0,"https://www.nbcphiladelphia.com/news/local/Off-Duty-Officer-Man-Virginia-Philadelphia-Shooting-Pedestrian-471806433.html"
1,-79.9098,40.4611,2018-01-29,0,"http://pittsburgh.cbslocal.com/2018/01/29/larimer-shooting-gang-related-investigation/"
1,-75.1341,40.0708,2018-01-30,0,"http://6abc.com/suspect-in-cheltenham-twp-murder-arrested-in-philly/3164833/"
2,-75.3961,40.0395,2018-01-31,0,"http://6abc.com/police-2-deaths-in-wayne-pa-a-likely-murder-suicide/3017560/"
1,-78.9095,40.2951,2018-01-31,0,"http://wjactv.com/news/local/coroner-20-year-old-moxham-man-was-gunned-down-in-alley"
1,-75.0448,40.0431,2018-01-31,0,"http://6abc.com/man-32-killed-outside-lincoln-high-school-in-mayfair-idd/3013312/"
1,-76.8558,40.25,2018-02-01,0,"http://local21news.com/news/local/police-on-the-scene-of-incident-in-harrisburg"
1,-75.2383,39.9178,2018-02-01,0,"http://6abc.com/woman-killed-in-sw-phila-shooting;-possibly-caught-in-crossfire/3021710/"
1,-75.1492,40.0584,2018-02-03,0,"http://6abc.com/man-shot-and-killed-in-germantown;-woman-in-custody/3029743/"
1,-79.9443,40.4963,2018-02-04,0,"http://pittsburgh.cbslocal.com/2018/02/04/police-investigating-fatal-shooting-in-springdale-twp/"
1,-79.9005,40.4689,2018-02-06,1,"http://triblive.com/local/allegheny/13279529-74/authorities-id-man-killed-in-lincoln-lemington-shooting?utm_source=feedburner&utm_medium=feed&utm_campaign=Feed:%20tribliveBreakingNews%20(Breaking%20News)"
2,-75.1272,39.9959,2018-02-08,0,"http://www.philly.com/philly/news/breaking/two-dead-after-bullets-fly-in-kensington-20180208.html"
1,-80.1952,40.082,2018-02-09,0,"https://observer-reporter.com/news/localnews/update-washington-man-suspected-in-w-va-murder-kills-himself/article_3ffe5a48-0da5-11e8-91a2-375cfe7e7d94.html"
1,-79.8944,40.4626,2018-02-10,0,"http://www.wpxi.com/news/top-stories/man-found-shot-to-death-in-homewood-north/697639331"
1,-76.3178,40.0307,2018-02-10,1,"http://lancasteronline.com/news/local/shooter-outside-o-halloran-s-could-face-death-penalty-second/article_39af6ffa-1012-11e8-9040-1f9f12d56780.html"
1,-75.2337,39.9568,2018-02-10,0,"http://www.philly.com/philly/news/four-dead-philadelphia-shootings-guns-police-20180211.html"
1,-75.2283,39.9185,2018-02-11,0,"http://6abc.com/man-killed-in-southwest-philadelphia-shooting/3066522/"
1,-79.8885,40.4546,2018-02-11,0,"http://www.post-gazette.com/local/city/2018/02/11/Homewood-Suspect-shot-killed-Pittsburgh-police-officers-gunfire-exchange-Brushton-Avenue/stories/201802110150"
1,-75.246,39.9111,2018-02-11,2,"https://www.nbcphiladelphia.com/news/local/Four-Dead-More-Wounded-in-Violent-Weekend-in-Philadelphia-473736133.html"
1,-75.1455,39.9911,2018-02-11,0,"http://www.philly.com/philly/news/four-dead-philadelphia-shootings-guns-police-20180211.html"
1,-76.7361,39.9567,2018-02-12,1,"https://www.ydr.com/story/news/local/2018/02/13/victim-identified-fatal-york-shooting/332329002/"
1,-75.1946,40.9868,2018-02-14,0,"http://local21news.com/news/local/man-facing-eviction-found-dead-after-15-hour-standoff-02-15-2018"
1,-75.1037,40.0433,2018-02-15,0,"http://www.philly.com/philly/news/crime/man-dead-in-crescentville-shooting-20180215.html"
1,-74.9725,40.0666,2018-02-18,1,"http://philadelphia.cbslocal.com/2018/02/21/3-suspects-arrested-in-murder/"
1,-75.1337,40.0401,2018-02-19,0,"http://6abc.com/teenager-shot-and-killed-in-olney/3112410/"
1,-75.2087,39.9584,2018-02-20,0,"http://6abc.com/man-found-shot-dead-in-west-philadelphia/3119411/"
1,-75.1448,40.04,2018-02-21,0,"http://philadelphia.cbslocal.com/2018/02/22/police-suspects-van-shooting/"
1,-75.6502,39.932,2018-02-21,0,"http://www.dailylocal.com/general-news/20180223/philadelphia-man-found-shot-to-death-in-west-chester"
1,-79.8673,40.4491,2018-02-22,0,"http://www.wpxi.com/news/top-stories/3-charged-in-robbery-fatal-shooting-of-wilkinsburg-mother/705260023"
1,-75.6822,41.4165,2018-02-25,1,"http://www.poconorecord.com/news/20180225/man-shot-at-west-scranton-bar-in-critical-condition-shooting-suspect-dead-police-say"
2,-80.3295,40.9915,2018-02-25,0,"http://pittsburgh.cbslocal.com/2018/02/27/new-castle-double-homicide-arrests/"
2,-75.3476,40.1216,2018-02-26,0,"http://6abc.com/arrest-in-shooting-deaths-of-two-men-in-norristown/3154517/"
1,-75.141,39.9983,2018-02-26,2,"https://www.nbcphiladelphia.com/news/local/Gunman-Shooting-North-Philadelphia-Surveillance-2-Men-Woman-Hurt-475237773.html"
1,-76.5521,40.7906,2018-02-26,1,"http://www.pennlive.com/news/2018/03/police_say_man_admits_punching.html#incart_river_index"
1,-75.2087,39.9584,2018-02-28,0,"http://6abc.com/man-dies-after-being-shot-in-west-philadelphia/3156205/"
1,-79.8956,40.454,2018-02-28,0,"http://www.post-gazette.com/local/city/2018/02/28/Police-investigating-after-woman-shot-dead-in-Homewood/stories/201802280246"
2,-75.4417,40.6295,2018-02-28,1,"http://www.mcall.com/news/breaking/mc-pol-allentown-food-mart-homicides-arrest-20180305-story.html"
1,-74.8409,40.1374,2018-03-02,0,"http://www.buckscountycouriertimes.com/news/20180305/officials-id-man-killed-in-confrontation-with-bristol-township-police"
2,-75.0365,40.0418,2018-03-02,1,"http://blog.pennlive.com/penn_content_river_top_stories/2018/03/woman_her_mother_killed_suspec.html#incart_river_index"
1,-75.3503,39.8596,2018-03-04,0,"http://www.delcotimes.com/general-news/20180305/man-gunned-down-on-chester-street"
1,-75.1482,39.9614,2018-03-04,1,"http://6abc.com/1-killed-1-injured-in-spring-garden-shooting/3172695/"
1,-75.1125,40.08,2018-03-04,0,"http://www.buckscountycouriertimes.com/news/20180322/da-abington-police-officer-used-lawful-use-of-force-in-fatal-shooting"
1,-75.4514,39.8398,2018-03-07,0,"http://6abc.com/man-found-dead-after-barricade-situation-in-boothwyn/3186995/"
1,-75.1366,40.0435,2018-03-08,1,"http://philadelphia.cbslocal.com/2018/03/09/north-philadelphia-double-shooting-2/"
1,-75.2376,39.9806,2018-03-11,0,"http://6abc.com/video-released-from-unsolved-n-philly-homicide/3234911/"
1,-75.1565,40.0075,2018-03-12,0,"http://philadelphia.cbslocal.com/2018/03/13/deadly-shooting-in-tioga/"
1,-80.0736,40.3344,2018-03-14,0,"http://www.post-gazette.com/local/south/2018/03/15/Bethel-Park-suicide-gun-Upper-St-Clair-police-station/stories/201803150159"
1,-75.2725,39.9769,2018-03-15,0,"http://6abc.com/police-investigate-fatal-shooting-in-overbrook-park/3219027/"
1,-80.057,40.4745,2018-03-16,0,"http://www.post-gazette.com/local/city/2018/03/16/McKees-Rocks-homicide-arrest-Sheraden-Pittsburgh-SWAT-Allegheny-County-Tyree-Davis-Juan-Green/stories/201803160169"
1,-75.2257,39.9603,2018-03-18,2,"http://6abc.com/family-ids-woman-killed-in-west-philly-shooting/3231617/"
2,-75.177,40.0041,2018-03-19,0,"http://6abc.com/2-men-fatally-shot-in-car-in-north-philly-idd/3237986/"
1,-79.9772,40.4186,2018-03-19,0,"http://www.wtae.com/article/fatal-shooting-in-south-side-slopes/19486084"
1,-76.8575,40.2597,2018-03-24,1,"http://www.pennlive.com/news/2018/03/shooting_harrisburg_double_ds.html#incart_river_index"
3,-80.0633,42.1352,2018-03-24,0,"http://www.yourerie.com/news/local-news/police-say-they-only-had-a-handful-of-calls-at-location-of-double-homicide-in-last-few-years/1080364894"
1,-75.2469,39.9584,2018-03-25,0,"https://www.nbcphiladelphia.com/news/local/West-Philadelphia-Deadly-Shooting-Gunman-477875363.html"
1,-75.598,40.5765,2018-03-28,0,"http://6abc.com/authorities-id-man-killed-in-police-involved-in-lehigh-co/3277063/"
1,-76.4198,40.3438,2018-03-29,0,"http://www.pennlive.com/news/2018/03/midstate_woman_died_of_gunshot.html#incart_river_index"
1,-74.9058,40.0917,2018-03-30,1,"https://www.nbcphiladelphia.com/news/local/Croydon-Bristol-Township-Shooting-Stabbing-Homicide-Girl-Teen-Home-Cousin-Injury-Self-Inflicted-478568043.html"
1,-75.2274,39.9635,2018-03-30,0,"http://6abc.com/violent-night-in-west-philadelphia/3285081/"
